{
    "name": "root",
    "gauges": {
        "USVAgent.Policy.Entropy.mean": {
            "value": 1.3209580183029175,
            "min": 1.320957899093628,
            "max": 1.418938398361206,
            "count": 500
        },
        "USVAgent.Policy.Entropy.sum": {
            "value": 13406.40234375,
            "min": 10780.15625,
            "max": 16930.771484375,
            "count": 500
        },
        "USVAgent.Environment.LessonNumber.num_static_obstacles.mean": {
            "value": 4.0,
            "min": 0.0,
            "max": 4.0,
            "count": 500
        },
        "USVAgent.Environment.LessonNumber.num_static_obstacles.sum": {
            "value": 4.0,
            "min": 0.0,
            "max": 4.0,
            "count": 500
        },
        "USVAgent.Environment.LessonNumber.num_moving_obstacles.mean": {
            "value": 4.0,
            "min": 0.0,
            "max": 4.0,
            "count": 500
        },
        "USVAgent.Environment.LessonNumber.num_moving_obstacles.sum": {
            "value": 4.0,
            "min": 0.0,
            "max": 4.0,
            "count": 500
        },
        "USVAgent.Environment.EpisodeLength.mean": {
            "value": 332.06451612903226,
            "min": 212.04166666666666,
            "max": 999.0,
            "count": 500
        },
        "USVAgent.Environment.EpisodeLength.sum": {
            "value": 10294.0,
            "min": 8592.0,
            "max": 11767.0,
            "count": 500
        },
        "USVAgent.Step.mean": {
            "value": 4999894.0,
            "min": 9773.0,
            "max": 4999894.0,
            "count": 500
        },
        "USVAgent.Step.sum": {
            "value": 4999894.0,
            "min": 9773.0,
            "max": 4999894.0,
            "count": 500
        },
        "USVAgent.Policy.ExtrinsicValueEstimate.mean": {
            "value": 0.4904806613922119,
            "min": -0.15549933910369873,
            "max": 0.7690661549568176,
            "count": 500
        },
        "USVAgent.Policy.ExtrinsicValueEstimate.sum": {
            "value": 15.204900741577148,
            "min": -1.5549933910369873,
            "max": 29.993579864501953,
            "count": 500
        },
        "USVAgent.Environment.CumulativeReward.mean": {
            "value": 2.192238067426989,
            "min": -1.59410560131073,
            "max": 3.5694855451583862,
            "count": 500
        },
        "USVAgent.Environment.CumulativeReward.sum": {
            "value": 67.95938009023666,
            "min": -15.9410560131073,
            "max": 103.11762046813965,
            "count": 500
        },
        "USVAgent.Policy.ExtrinsicReward.mean": {
            "value": 2.192238067426989,
            "min": -1.59410560131073,
            "max": 3.5694855451583862,
            "count": 500
        },
        "USVAgent.Policy.ExtrinsicReward.sum": {
            "value": 67.95938009023666,
            "min": -15.9410560131073,
            "max": 103.11762046813965,
            "count": 500
        },
        "USVAgent.IsTraining.mean": {
            "value": 1.0,
            "min": 1.0,
            "max": 1.0,
            "count": 500
        },
        "USVAgent.IsTraining.sum": {
            "value": 1.0,
            "min": 1.0,
            "max": 1.0,
            "count": 500
        },
        "USVAgent.Losses.PolicyLoss.mean": {
            "value": 0.008758792366522054,
            "min": 0.005778845058133205,
            "max": 0.011843350335645179,
            "count": 60
        },
        "USVAgent.Losses.PolicyLoss.sum": {
            "value": 0.008758792366522054,
            "min": 0.005778845058133205,
            "max": 0.011843350335645179,
            "count": 60
        },
        "USVAgent.Losses.ValueLoss.mean": {
            "value": 0.02439122765014569,
            "min": 0.000290712535691758,
            "max": 0.045452903707822165,
            "count": 60
        },
        "USVAgent.Losses.ValueLoss.sum": {
            "value": 0.02439122765014569,
            "min": 0.000290712535691758,
            "max": 0.045452903707822165,
            "count": 60
        },
        "USVAgent.Policy.LearningRate.mean": {
            "value": 4.148318617260014e-06,
            "min": 4.148318617260014e-06,
            "max": 0.0002950794616401799,
            "count": 60
        },
        "USVAgent.Policy.LearningRate.sum": {
            "value": 4.148318617260014e-06,
            "min": 4.148318617260014e-06,
            "max": 0.0002950794616401799,
            "count": 60
        },
        "USVAgent.Policy.Epsilon.mean": {
            "value": 0.10138274000000001,
            "min": 0.10138274000000001,
            "max": 0.19835982000000005,
            "count": 60
        },
        "USVAgent.Policy.Epsilon.sum": {
            "value": 0.10138274000000001,
            "min": 0.10138274000000001,
            "max": 0.19835982000000005,
            "count": 60
        },
        "USVAgent.Policy.Beta.mean": {
            "value": 2.368912600000005e-05,
            "min": 2.368912600000005e-05,
            "max": 0.0009837622179999998,
            "count": 60
        },
        "USVAgent.Policy.Beta.sum": {
            "value": 2.368912600000005e-05,
            "min": 2.368912600000005e-05,
            "max": 0.0009837622179999998,
            "count": 60
        }
    },
    "metadata": {
        "timer_format_version": "0.1.0",
        "start_time_seconds": "1759997562",
        "python_version": "3.9.23 (main, Jun  5 2025, 13:25:08) [MSC v.1929 64 bit (AMD64)]",
        "command_line_arguments": "C:\\Users\\factw\\anaconda3\\envs\\gazebo\\Scripts\\mlagents-learn .\\config\\boat_rl_curriculum.yaml --run-id=USV_Curriculum-MY-01 --num-envs=4 --env=.\\Builds\\ML-Project.exe",
        "mlagents_version": "0.30.0",
        "mlagents_envs_version": "0.30.0",
        "communication_protocol_version": "1.5.0",
        "pytorch_version": "2.2.1+cu121",
        "numpy_version": "1.21.2",
        "end_time_seconds": "1760004871"
    },
    "total": 7308.7948239,
    "count": 1,
    "self": 0.20327809999980673,
    "children": {
        "run_training.setup": {
            "total": 0.1769906000000001,
            "count": 1,
            "self": 0.1769906000000001
        },
        "TrainerController.start_learning": {
            "total": 7308.4145552,
            "count": 1,
            "self": 781.3038269992194,
            "children": {
                "TrainerController._reset_env": {
                    "total": 4.9733677,
                    "count": 1,
                    "self": 4.9733677
                },
                "TrainerController.advance": {
                    "total": 6522.09945300078,
                    "count": 2507148,
                    "self": 26.247383401555453,
                    "children": {
                        "env_step": {
                            "total": 6495.852069599225,
                            "count": 2507148,
                            "self": 911.8076276992024,
                            "children": {
                                "SubprocessEnvManager._take_step": {
                                    "total": 5565.610811599931,
                                    "count": 5009210,
                                    "self": 133.28816930118592,
                                    "children": {
                                        "TorchPolicy.evaluate": {
                                            "total": 5432.322642298745,
                                            "count": 5000762,
                                            "self": 5432.322642298745
                                        }
                                    }
                                },
                                "workers": {
                                    "total": 18.433630300090623,
                                    "count": 2507148,