{
    "name": "root",
    "gauges": {
        "USVAgent.Policy.Entropy.mean": {
            "value": 1.4223626852035522,
            "min": 1.4189382791519165,
            "max": 1.4223824739456177,
            "count": 200
        },
        "USVAgent.Policy.Entropy.sum": {
            "value": 14021.6513671875,
            "min": 13607.7685546875,
            "max": 14927.857421875,
            "count": 200
        },
        "USVAgent.Environment.LessonNumber.num_static_obstacles.mean": {
            "value": 4.0,
            "min": 0.0,
            "max": 4.0,
            "count": 200
        },
        "USVAgent.Environment.LessonNumber.num_static_obstacles.sum": {
            "value": 4.0,
            "min": 0.0,
            "max": 4.0,
            "count": 200
        },
        "USVAgent.Environment.LessonNumber.num_moving_obstacles.mean": {
            "value": 4.0,
            "min": 0.0,
            "max": 4.0,
            "count": 200
        },
        "USVAgent.Environment.LessonNumber.num_moving_obstacles.sum": {
            "value": 4.0,
            "min": 0.0,
            "max": 4.0,
            "count": 200
        },
        "USVAgent.Step.mean": {
            "value": 1999906.0,
            "min": 9792.0,
            "max": 1999906.0,
            "count": 200
        },
        "USVAgent.Step.sum": {
            "value": 1999906.0,
            "min": 9792.0,
            "max": 1999906.0,
            "count": 200
        },
        "USVAgent.Policy.ExtrinsicValueEstimate.mean": {
            "value": 13.532445907592773,
            "min": -0.11041910946369171,
            "max": 26.326513290405273,
            "count": 200
        },
        "USVAgent.Policy.ExtrinsicValueEstimate.sum": {
            "value": 636.0249633789062,
            "min": -4.416764259338379,
            "max": 1155.175537109375,
            "count": 200
        },
        "USVAgent.Environment.EpisodeLength.mean": {
            "value": 511.0,
            "min": 484.5,
            "max": 999.0,
            "count": 200
        },
        "USVAgent.Environment.EpisodeLength.sum": {
            "value": 10731.0,
            "min": 7864.0,
            "max": 11988.0,
            "count": 200
        },
        "USVAgent.Environment.CumulativeReward.mean": {
            "value": 449.55998611450195,
            "min": -226.75125832557677,
            "max": 2284.975343068441,
            "count": 200
        },
        "USVAgent.Environment.CumulativeReward.sum": {
            "value": 8991.199722290039,
            "min": -2267.512583255768,
            "max": 25107.842742919922,
            "count": 200
        },
        "USVAgent.Policy.ExtrinsicReward.mean": {
            "value": 449.55998611450195,
            "min": -226.75125832557677,
            "max": 2284.975343068441,
            "count": 200
        },
        "USVAgent.Policy.ExtrinsicReward.sum": {
            "value": 8991.199722290039,
            "min": -2267.512583255768,
            "max": 25107.842742919922,
            "count": 200
        },
        "USVAgent.IsTraining.mean": {
            "value": 1.0,
            "min": 1.0,
            "max": 1.0,
            "count": 200
        },
        "USVAgent.IsTraining.sum": {
            "value": 1.0,
            "min": 1.0,
            "max": 1.0,
            "count": 200
        },
        "USVAgent.Losses.PolicyLoss.mean": {
            "value": 0.01623503922795256,
            "min": 0.01132045011036098,
            "max": 0.02103498961466054,
            "count": 97
        },
        "USVAgent.Losses.PolicyLoss.sum": {
            "value": 0.01623503922795256,
            "min": 0.01132045011036098,
            "max": 0.02103498961466054,
            "count": 97
        },
        "USVAgent.Losses.ValueLoss.mean": {
            "value": 19127.115787760416,
            "min": 106.73115692138671,
            "max": 19127.115787760416,
            "count": 97
        },
        "USVAgent.Losses.ValueLoss.sum": {
            "value": 19127.115787760416,
            "min": 106.73115692138671,
            "max": 19127.115787760416,
            "count": 97
        },
        "USVAgent.Policy.LearningRate.mean": {
            "value": 6.794933049999897e-09,
            "min": 6.794933049999897e-09,
            "max": 9.897321026800004e-06,
            "count": 97
        },
        "USVAgent.Policy.LearningRate.sum": {
            "value": 6.794933049999897e-09,
            "min": 6.794933049999897e-09,
            "max": 9.897321026800004e-06,
            "count": 97
        },
        "USVAgent.Policy.Epsilon.mean": {
            "value": 0.10006695,
            "min": 0.10006695,
            "max": 0.19897320000000007,
            "count": 97
        },
        "USVAgent.Policy.Epsilon.sum": {
            "value": 0.10006695,
            "min": 0.10006695,
            "max": 0.19897320000000007,
            "count": 97
        },
        "USVAgent.Policy.Beta.mean": {
            "value": 1.6688304999999903e-05,
            "min": 1.6688304999999903e-05,
            "max": 0.009897422679999998,
            "count": 97
        },
        "USVAgent.Policy.Beta.sum": {
            "value": 1.6688304999999903e-05,
            "min": 1.6688304999999903e-05,
            "max": 0.009897422679999998,
            "count": 97
        }
    },
    "metadata": {
        "timer_format_version": "0.1.0",
        "start_time_seconds": "1759926557",
        "python_version": "3.9.23 (main, Jun  5 2025, 13:25:08) [MSC v.1929 64 bit (AMD64)]",
        "command_line_arguments": "C:\\Users\\factw\\anaconda3\\envs\\gazebo\\Scripts\\mlagents-learn .\\config\\boat_rl_curriculum.yaml --run-id=USV_Curriculum-exe-02 --num-envs=4 --env=.\\Builds\\ML-Project.exe",
        "mlagents_version": "0.30.0",
        "mlagents_envs_version": "0.30.0",
        "communication_protocol_version": "1.5.0",
        "pytorch_version": "2.2.1+cu121",
        "numpy_version": "1.21.2",
        "end_time_seconds": "1759929442"
    },
    "total": 2885.4418701,
    "count": 1,
    "self": 0.22872499999994034,
    "children": {
        "run_training.setup": {
            "total": 0.17078949999999993,
            "count": 1,
            "self": 0.17078949999999993
        },
        "TrainerController.start_learning": {
            "total": 2885.0423556,
            "count": 1,
            "self": 135.10319970006276,
            "children": {
                "TrainerController._reset_env": {
                    "total": 4.824006499999999,
                    "count": 1,
                    "self": 4.824006499999999
                },
                "TrainerController.advance": {
                    "total": 2745.0796310999376,
                    "count": 992757,
                    "self": 11.506081600060952,
                    "children": {
                        "env_step": {
                            "total": 2733.5735494998767,
                            "count": 992757,
                            "self": 371.09178080020547,
                            "children": {
                                "SubprocessEnvManager._take_step": {
                                    "total": 2355.166000199767,
                                    "count": 2002216,
                                    "self": 54.74446399998715,
                                    "children": {
                                        "TorchPolicy.evaluate": {
                                            "total": 2300.42153619978,
                                            "count": 2000345,
                                            "self": 2300.42153619978
                                        }
                                    }
                                },
                                "workers": {
                                    "total": 7.315768499903925,
                                    "count": 992757,
                                    "self": 0.0,