{
    "name": "root",
    "metadata": {
        "timer_format_version": "0.1.0",
        "start_time_seconds": "1759831939",
        "python_version": "3.9.23 (main, Jun  5 2025, 13:25:08) [MSC v.1929 64 bit (AMD64)]",
        "command_line_arguments": "C:\\Users\\factw\\anaconda3\\envs\\gazebo\\Scripts\\mlagents-learn .\\config\\boat_rl_test.yaml --run-id=run-test-001",
        "mlagents_version": "0.30.0",
        "mlagents_envs_version": "0.30.0",
        "communication_protocol_version": "1.5.0",
        "pytorch_version": "2.2.1+cu121",
        "numpy_version": "1.21.2",
        "end_time_seconds": "1759832344"
    },
    "total": 404.71262409999997,
    "count": 1,
    "self": 0.0026808999999730077,
    "children": {
        "run_training.setup": {
            "total": 0.05024469999999992,
            "count": 1,
            "self": 0.05024469999999992
        },
        "TrainerController.start_learning": {
            "total": 404.6596985,
            "count": 1,
            "self": 9.160000001884328e-05,
            "children": {
                "TrainerController._reset_env": {
                    "total": 8.7073594,
                    "count": 1,
                    "self": 8.7073594
                },
                "TrainerController.advance": {
                    "total": 395.8459037,
                    "count": 1,
                    "self": 1.1400000005323818e-05,
                    "children": {
                        "env_step": {
                            "total": 395.8458923,
                            "count": 1,
                            "self": 395.8458875,
                            "children": {
                                "SubprocessEnvManager._take_step": {
                                    "total": 4.800000001026206e-06,
                                    "count": 1,
                                    "self": 4.800000001026206e-06
                                }
                            }
                        }
                    }
                },
                "TrainerController._save_models": {
                    "total": 0.10634379999999055,
                    "count": 1,
                    "self": 0.013714100000015605,
                    "children": {
                        "RLTrainer._checkpoint": {
                            "total": 0.09262969999997495,
                            "count": 1,
                            "self": 0.09262969999997495
                        }
                    }
                }
            }
        }
    }
}