{
    "name": "root",
    "gauges": {
        "USVAgent.Policy.Entropy.mean": {
            "value": 1.4189382791519165,
            "min": 1.4189382791519165,
            "max": 1.4189382791519165,
            "count": 1
        },
        "USVAgent.Policy.Entropy.sum": {
            "value": 14410.7373046875,
            "min": 14410.7373046875,
            "max": 14410.7373046875,
            "count": 1
        },
        "USVAgent.Step.mean": {
            "value": 9899.0,
            "min": 9899.0,
            "max": 9899.0,
            "count": 1
        },
        "USVAgent.Step.sum": {
            "value": 9899.0,
            "min": 9899.0,
            "max": 9899.0,
            "count": 1
        },
        "USVAgent.Policy.ExtrinsicValueEstimate.mean": {
            "value": -0.013372990302741528,
            "min": -0.013372990302741528,
            "max": -0.013372990302741528,
            "count": 1
        },
        "USVAgent.Policy.ExtrinsicValueEstimate.sum": {
            "value": -0.5349196195602417,
            "min": -0.5349196195602417,
            "max": -0.5349196195602417,
            "count": 1
        },
        "USVAgent.Environment.EpisodeLength.mean": {
            "value": 988.9,
            "min": 988.9,
            "max": 988.9,
            "count": 1
        },
        "USVAgent.Environment.EpisodeLength.sum": {
            "value": 9889.0,
            "min": 9889.0,
            "max": 9889.0,
            "count": 1
        },
        "USVAgent.Environment.CumulativeReward.mean": {
            "value": -220.11700534820557,
            "min": -220.11700534820557,
            "max": -220.11700534820557,
            "count": 1
        },
        "USVAgent.Environment.CumulativeReward.sum": {
            "value": -2201.1700534820557,
            "min": -2201.1700534820557,
            "max": -2201.1700534820557,
            "count": 1
        },
        "USVAgent.Policy.ExtrinsicReward.mean": {
            "value": -220.11700534820557,
            "min": -220.11700534820557,
            "max": -220.11700534820557,
            "count": 1
        },
        "USVAgent.Policy.ExtrinsicReward.sum": {
            "value": -2201.1700534820557,
            "min": -2201.1700534820557,
            "max": -2201.1700534820557,
            "count": 1
        },
        "USVAgent.IsTraining.mean": {
            "value": 1.0,
            "min": 1.0,
            "max": 1.0,
            "count": 1
        },
        "USVAgent.IsTraining.sum": {
            "value": 1.0,
            "min": 1.0,
            "max": 1.0,
            "count": 1
        }
    },
    "metadata": {
        "timer_format_version": "0.1.0",
        "start_time_seconds": "1759833005",
        "python_version": "3.9.23 (main, Jun  5 2025, 13:25:08) [MSC v.1929 64 bit (AMD64)]",
        "command_line_arguments": "C:\\Users\\factw\\anaconda3\\envs\\gazebo\\Scripts\\mlagents-learn .\\config\\boat_rl_test.yaml --run-id=rl-test-002",
        "mlagents_version": "0.30.0",
        "mlagents_envs_version": "0.30.0",
        "communication_protocol_version": "1.5.0",
        "pytorch_version": "2.2.1+cu121",
        "numpy_version": "1.21.2",
        "end_time_seconds": "1759833113"
    },
    "total": 107.4545026,
    "count": 1,
    "self": 0.0027128999999916914,
    "children": {
        "run_training.setup": {
            "total": 0.04974970000000001,
            "count": 1,
            "self": 0.04974970000000001
        },
        "TrainerController.start_learning": {
            "total": 107.40204,
            "count": 1,
            "self": 0.1822884999997001,
            "children": {
                "TrainerController._reset_env": {
                    "total": 4.2072336,
                    "count": 1,
                    "self": 4.2072336
                },
                "TrainerController.advance": {
                    "total": 102.94371260000032,
                    "count": 16788,
                    "self": 0.07133540000073424,
                    "children": {
                        "env_step": {
                            "total": 102.87237719999959,
                            "count": 16788,
                            "self": 83.91161479999894,
                            "children": {
                                "SubprocessEnvManager._take_step": {
                                    "total": 18.873209399999936,
                                    "count": 16788,
                                    "self": 0.4662431000003018,
                                    "children": {
                                        "TorchPolicy.evaluate": {
                                            "total": 18.406966299999635,
                                            "count": 16777,
                                            "self": 18.406966299999635
                                        }
                                    }
                                },
                                "workers": {
                                    "total": 0.08755300000071653,
                                    "count": 16787,
                                    "self": 0.0,
                                    "children": {
                                        "worker_root": {
                                            "total": 72.82948479999949,
                                            "count": 16787,
                                            "is_parallel": true,
                                            "self": 26.129177699999715,
                                            "children": {
                                                "steps_from_proto": {
                                                    "total": 0.0003478999999999566,
                                                    "count": 1,
                                                    "is_parallel": true,
                                                    "self": 0.00014270000000005112,
                                                    "children": {
                                                        "_process_rank_one_or_two_observation": {
                                                            "total": 0.00020519999999990546,
                                                            "count": 2,
                                                            "is_parallel": true,
                                                            "self": 0.00020519999999990546
                                                        }
                                                    }
                                                },
                                                "UnityEnvironment.step": {
                                                    "total": 46.699959199999775,
                                                    "count": 16787,
                                                    "is_parallel": true,
                                                    "self": 0.531450199999,
                                                    "children": {
                                                        "UnityEnvironment._generate_step_input": {
                                                            "total": 0.45722460000006837,
                                                            "count": 16787,
                                                            "is_parallel": true,
                                                            "self": 0.45722460000006837
                                                        },
                                                        "communicator.exchange": {
                                                            "total": 44.43973670000078,
                                                            "count": 16787,
                                                            "is_parallel": true,