{
    "name": "root",
    "gauges": {
        "USVAgent.Policy.Entropy.mean": {
            "value": 1.4355957508087158,
            "min": 1.416139006614685,
            "max": 1.4355957508087158,
            "count": 288
        },
        "USVAgent.Policy.Entropy.sum": {
            "value": 14119.083984375,
            "min": 13845.263671875,
            "max": 14680.064453125,
            "count": 288
        },
        "USVAgent.Environment.LessonNumber.num_static_obstacles.mean": {
            "value": 4.0,
            "min": 0.0,
            "max": 4.0,
            "count": 288
        },
        "USVAgent.Environment.LessonNumber.num_static_obstacles.sum": {
            "value": 4.0,
            "min": 0.0,
            "max": 4.0,
            "count": 288
        },
        "USVAgent.Environment.LessonNumber.num_moving_obstacles.mean": {
            "value": 4.0,
            "min": 0.0,
            "max": 4.0,
            "count": 288
        },
        "USVAgent.Environment.LessonNumber.num_moving_obstacles.sum": {
            "value": 4.0,
            "min": 0.0,
            "max": 4.0,
            "count": 288
        },
        "USVAgent.Step.mean": {
            "value": 2879807.0,
            "min": 9768.0,
            "max": 2879807.0,
            "count": 288
        },
        "USVAgent.Step.sum": {
            "value": 2879807.0,
            "min": 9768.0,
            "max": 2879807.0,
            "count": 288
        },
        "USVAgent.Policy.ExtrinsicValueEstimate.mean": {
            "value": -16.67055892944336,
            "min": -118.93373107910156,
            "max": 338.6559753417969,
            "count": 288
        },
        "USVAgent.Policy.ExtrinsicValueEstimate.sum": {
            "value": -983.56298828125,
            "min": -7849.62646484375,
            "max": 29801.724609375,
            "count": 288
        },
        "USVAgent.Environment.EpisodeLength.mean": {
            "value": 290.375,
            "min": 126.0253164556962,
            "max": 999.0,
            "count": 288
        },
        "USVAgent.Environment.EpisodeLength.sum": {
            "value": 9292.0,
            "min": 9007.0,
            "max": 10897.0,
            "count": 288
        },
        "USVAgent.Environment.CumulativeReward.mean": {
            "value": 631.9820523262024,
            "min": -494.92682478162976,
            "max": 1884.1535955156598,
            "count": 288
        },
        "USVAgent.Environment.CumulativeReward.sum": {
            "value": 20223.425674438477,
            "min": -9045.992393493652,
            "max": 37701.41416168213,
            "count": 288
        },
        "USVAgent.Policy.ExtrinsicReward.mean": {
            "value": 631.9820523262024,
            "min": -494.92682478162976,
            "max": 1884.1535955156598,
            "count": 288
        },
        "USVAgent.Policy.ExtrinsicReward.sum": {
            "value": 20223.425674438477,
            "min": -9045.992393493652,
            "max": 37701.41416168213,
            "count": 288
        },
        "USVAgent.IsTraining.mean": {
            "value": 1.0,
            "min": 1.0,
            "max": 1.0,
            "count": 288
        },
        "USVAgent.IsTraining.sum": {
            "value": 1.0,
            "min": 1.0,
            "max": 1.0,
            "count": 288
        },
        "USVAgent.Losses.PolicyLoss.mean": {
            "value": 0.019435941396902006,
            "min": 0.011375759759296973,
            "max": 0.026344063955669603,
            "count": 139
        },
        "USVAgent.Losses.PolicyLoss.sum": {
            "value": 0.019435941396902006,
            "min": 0.011375759759296973,
            "max": 0.026344063955669603,
            "count": 139
        },
        "USVAgent.Losses.ValueLoss.mean": {
            "value": 19355.0447265625,
            "min": 105.84966608683268,
            "max": 53935.13294270833,
            "count": 139
        },
        "USVAgent.Losses.ValueLoss.sum": {
            "value": 19355.0447265625,
            "min": 105.84966608683268,
            "max": 53935.13294270833,
            "count": 139
        },
        "USVAgent.Policy.LearningRate.mean": {
            "value": 4.2763297236760016e-05,
            "min": 4.2763297236760016e-05,
            "max": 9.958976041024004e-05,
            "count": 139
        },
        "USVAgent.Policy.LearningRate.sum": {
            "value": 4.2763297236760016e-05,
            "min": 4.2763297236760016e-05,
            "max": 9.958976041024004e-05,
            "count": 139
        },
        "USVAgent.Policy.Epsilon.mean": {
            "value": 0.14276323999999999,
            "min": 0.14276323999999999,
            "max": 0.19958976000000003,
            "count": 139
        },
        "USVAgent.Policy.Epsilon.sum": {
            "value": 0.14276323999999999,
            "min": 0.14276323999999999,
            "max": 0.19958976000000003,
            "count": 139
        },
        "USVAgent.Policy.Beta.mean": {
            "value": 0.0042820476760000005,
            "min": 0.0042820476760000005,
            "max": 0.009959017023999999,
            "count": 139
        },
        "USVAgent.Policy.Beta.sum": {
            "value": 0.0042820476760000005,
            "min": 0.0042820476760000005,
            "max": 0.009959017023999999,
            "count": 139
        }
    },
    "metadata": {
        "timer_format_version": "0.1.0",
        "start_time_seconds": "1759842530",
        "python_version": "3.9.23 (main, Jun  5 2025, 13:25:08) [MSC v.1929 64 bit (AMD64)]",
        "command_line_arguments": "C:\\Users\\factw\\anaconda3\\envs\\gazebo\\Scripts\\mlagents-learn .\\config\\boat_rl_curriculum.yaml --run-id=USV_Curriculum-04 --force",
        "mlagents_version": "0.30.0",
        "mlagents_envs_version": "0.30.0",
        "communication_protocol_version": "1.5.0",
        "pytorch_version": "2.2.1+cu121",
        "numpy_version": "1.21.2",
        "end_time_seconds": "1759904506"
    },
    "total": 61978.6419452,
    "count": 1,
    "self": 0.005785199995443691,
    "children": {
        "run_training.setup": {
            "total": 0.05125719999999978,
            "count": 1,
            "self": 0.05125719999999978
        },
        "TrainerController.start_learning": {
            "total": 61978.5849028,
            "count": 1,
            "self": 626.5917371988835,
            "children": {
                "TrainerController._reset_env": {
                    "total": 4.972550399999999,
                    "count": 1,
                    "self": 4.972550399999999
                },
                "TrainerController.advance": {
                    "total": 61346.97787300112,
                    "count": 2896182,
                    "self": 30.852995697772712,
                    "children": {
                        "env_step": {
                            "total": 61316.124877303344,
                            "count": 2896182,
                            "self": 54844.94798950086,
                            "children": {
                                "SubprocessEnvManager._take_step": {
                                    "total": 6455.177204399608,
                                    "count": 2896182,
                                    "self": 76.03739080141077,
                                    "children": {
                                        "TorchPolicy.evaluate": {
                                            "total": 6379.139813598197,
                                            "count": 2887192,
                                            "self": 6379.139813598197
                                        }
                                    }
                                },
                                "workers": {
                                    "total": 15.999683402874796,
                                    "count": 2896181,
                                    "self": 0.0,