{
    "name": "root",
    "gauges": {
        "USVAgent.Policy.Entropy.mean": {
            "value": 1.4121850728988647,
            "min": 1.4121850728988647,
            "max": 1.4189382791519165,
            "count": 9
        },
        "USVAgent.Policy.Entropy.sum": {
            "value": 13915.671875,
            "min": 13915.671875,
            "max": 14351.7314453125,
            "count": 9
        },
        "USVAgent.Step.mean": {
            "value": 89803.0,
            "min": 9768.0,
            "max": 89803.0,
            "count": 9
        },
        "USVAgent.Step.sum": {
            "value": 89803.0,
            "min": 9768.0,
            "max": 89803.0,
            "count": 9
        },
        "USVAgent.Policy.ExtrinsicValueEstimate.mean": {
            "value": 13.291633605957031,
            "min": -0.427173376083374,
            "max": 15.251788139343262,
            "count": 9
        },
        "USVAgent.Policy.ExtrinsicValueEstimate.sum": {
            "value": 531.6653442382812,
            "min": -17.08693504333496,
            "max": 610.071533203125,
            "count": 9
        },
        "USVAgent.Environment.EpisodeLength.mean": {
            "value": 964.6363636363636,
            "min": 962.4,
            "max": 999.0,
            "count": 9
        },
        "USVAgent.Environment.EpisodeLength.sum": {
            "value": 10611.0,
            "min": 9624.0,
            "max": 10611.0,
            "count": 9
        },
        "USVAgent.Environment.CumulativeReward.mean": {
            "value": 417.7934377670288,
            "min": -171.2223327636719,
            "max": 492.5835087299347,
            "count": 9
        },
        "USVAgent.Environment.CumulativeReward.sum": {
            "value": 4177.934377670288,
            "min": -1712.2233276367188,
            "max": 4925.835087299347,
            "count": 9
        },
        "USVAgent.Policy.ExtrinsicReward.mean": {
            "value": 417.7934377670288,
            "min": -171.2223327636719,
            "max": 492.5835087299347,
            "count": 9
        },
        "USVAgent.Policy.ExtrinsicReward.sum": {
            "value": 4177.934377670288,
            "min": -1712.2233276367188,
            "max": 4925.835087299347,
            "count": 9
        },
        "USVAgent.IsTraining.mean": {
            "value": 1.0,
            "min": 1.0,
            "max": 1.0,
            "count": 9
        },
        "USVAgent.IsTraining.sum": {
            "value": 1.0,
            "min": 1.0,
            "max": 1.0,
            "count": 9
        },
        "USVAgent.Losses.PolicyLoss.mean": {
            "value": 0.018474631810871264,
            "min": 0.01475369674153626,
            "max": 0.019249911326915024,
            "count": 4
        },
        "USVAgent.Losses.PolicyLoss.sum": {
            "value": 0.018474631810871264,
            "min": 0.01475369674153626,
            "max": 0.019249911326915024,
            "count": 4
        },
        "USVAgent.Losses.ValueLoss.mean": {
            "value": 184.5558064778646,
            "min": 79.06853624979655,
            "max": 1267.2900227864584,
            "count": 4
        },
        "USVAgent.Losses.ValueLoss.sum": {
            "value": 184.5558064778646,
            "min": 79.06853624979655,
            "max": 1267.2900227864584,
            "count": 4
        },
        "USVAgent.Policy.LearningRate.mean": {
            "value": 0.00029506914164362003,
            "min": 0.00029506914164362003,
            "max": 0.00029876928041023995,
            "count": 4
        },
        "USVAgent.Policy.LearningRate.sum": {
            "value": 0.00029506914164362003,
            "min": 0.00029506914164362003,
            "max": 0.00029876928041023995,
            "count": 4
        },
        "USVAgent.Policy.Epsilon.mean": {
            "value": 0.19835637999999997,
            "min": 0.19835637999999997,
            "max": 0.19958976000000003,
            "count": 4
        },
        "USVAgent.Policy.Epsilon.sum": {
            "value": 0.19835637999999997,
            "min": 0.19835637999999997,
            "max": 0.19958976000000003,
            "count": 4
        },
        "USVAgent.Policy.Beta.mean": {
            "value": 0.004917983362,
            "min": 0.004917983362,
            "max": 0.004979529024000002,
            "count": 4
        },
        "USVAgent.Policy.Beta.sum": {
            "value": 0.004917983362,
            "min": 0.004917983362,
            "max": 0.004979529024000002,
            "count": 4
        }
    },
    "metadata": {
        "timer_format_version": "0.1.0",
        "start_time_seconds": "1759833117",
        "python_version": "3.9.23 (main, Jun  5 2025, 13:25:08) [MSC v.1929 64 bit (AMD64)]",
        "command_line_arguments": "C:\\Users\\factw\\anaconda3\\envs\\gazebo\\Scripts\\mlagents-learn .\\config\\boat_rl_test.yaml --run-id=rl-test-003",
        "mlagents_version": "0.30.0",
        "mlagents_envs_version": "0.30.0",
        "communication_protocol_version": "1.5.0",
        "pytorch_version": "2.2.1+cu121",
        "numpy_version": "1.21.2",
        "end_time_seconds": "1759833521"
    },
    "total": 403.9922681,
    "count": 1,
    "self": 0.010920899999973699,
    "children": {
        "run_training.setup": {
            "total": 0.0480278999999999,
            "count": 1,
            "self": 0.0480278999999999
        },
        "TrainerController.start_learning": {
            "total": 403.9333193,
            "count": 1,
            "self": 0.8342441000071972,
            "children": {
                "TrainerController._reset_env": {
                    "total": 4.0139017,
                    "count": 1,
                    "self": 4.0139017
                },
                "TrainerController.advance": {
                    "total": 399.0384494999928,
                    "count": 92896,
                    "self": 0.3774017999928674,
                    "children": {
                        "env_step": {
                            "total": 398.6610476999999,
                            "count": 92896,
                            "self": 263.51968220000225,
                            "children": {
                                "SubprocessEnvManager._take_step": {
                                    "total": 134.67894169999585,
                                    "count": 92896,
                                    "self": 2.360672200008196,
                                    "children": {
                                        "TorchPolicy.evaluate": {
                                            "total": 132.31826949998765,
                                            "count": 92847,
                                            "self": 132.31826949998765
                                        }
                                    }
                                },
                                "workers": {
                                    "total": 0.4624238000018197,
                                    "count": 92895,
                                    "self": 0.0,
                                    "children": {
                                        "worker_root": {
                                            "total": 393.7434878999958,
                                            "count": 92895,
                                            "is_parallel": true,
                                            "self": 171.04887519999633,
                                            "children": {
                                                "steps_from_proto": {
                                                    "total": 0.0002377999999998437,
                                                    "count": 1,
                                                    "is_parallel": true,
                                                    "self": 9.449999999944225e-05,