{
    "name": "root",
    "gauges": {
        "USVAgent.Policy.Entropy.mean": {
            "value": 1.4251588582992554,
            "min": 1.414932370185852,
            "max": 1.425807237625122,
            "count": 131
        },
        "USVAgent.Policy.Entropy.sum": {
            "value": 14260.1396484375,
            "min": 13868.962890625,
            "max": 14538.1171875,
            "count": 131
        },
        "USVAgent.Step.mean": {
            "value": 1309818.0,
            "min": 9769.0,
            "max": 1309818.0,
            "count": 131
        },
        "USVAgent.Step.sum": {
            "value": 1309818.0,
            "min": 9769.0,
            "max": 1309818.0,
            "count": 131
        },
        "USVAgent.Policy.ExtrinsicValueEstimate.mean": {
            "value": -85.2949447631836,
            "min": -133.9827117919922,
            "max": 19.663911819458008,
            "count": 131
        },
        "USVAgent.Policy.ExtrinsicValueEstimate.sum": {
            "value": -4264.7470703125,
            "min": -8440.9111328125,
            "max": 904.5399780273438,
            "count": 131
        },
        "USVAgent.Environment.EpisodeLength.mean": {
            "value": 524.95,
            "min": 225.4,
            "max": 999.0,
            "count": 131
        },
        "USVAgent.Environment.EpisodeLength.sum": {
            "value": 10499.0,
            "min": 9070.0,
            "max": 10794.0,
            "count": 131
        },
        "USVAgent.Environment.CumulativeReward.mean": {
            "value": 209.95461313348068,
            "min": -339.4081831693649,
            "max": 442.55052757263184,
            "count": 131
        },
        "USVAgent.Environment.CumulativeReward.sum": {
            "value": 3989.137649536133,
            "min": -5251.885263442993,
            "max": 7190.835754394531,
            "count": 131
        },
        "USVAgent.Policy.ExtrinsicReward.mean": {
            "value": 209.95461313348068,
            "min": -339.4081831693649,
            "max": 442.55052757263184,
            "count": 131
        },
        "USVAgent.Policy.ExtrinsicReward.sum": {
            "value": 3989.137649536133,
            "min": -5251.885263442993,
            "max": 7190.835754394531,
            "count": 131
        },
        "USVAgent.IsTraining.mean": {
            "value": 1.0,
            "min": 1.0,
            "max": 1.0,
            "count": 131
        },
        "USVAgent.IsTraining.sum": {
            "value": 1.0,
            "min": 1.0,
            "max": 1.0,
            "count": 131
        },
        "USVAgent.Losses.PolicyLoss.mean": {
            "value": 0.01620902564221372,
            "min": 0.011207313075040777,
            "max": 0.021094946811596554,
            "count": 63
        },
        "USVAgent.Losses.PolicyLoss.sum": {
            "value": 0.01620902564221372,
            "min": 0.011207313075040777,
            "max": 0.021094946811596554,
            "count": 63
        },
        "USVAgent.Losses.ValueLoss.mean": {
            "value": 2815.311201985677,
            "min": 142.54795150756837,
            "max": 14464.069270833334,
            "count": 63
        },
        "USVAgent.Losses.ValueLoss.sum": {
            "value": 2815.311201985677,
            "min": 142.54795150756837,
            "max": 14464.069270833334,
            "count": 63
        },
        "USVAgent.Policy.LearningRate.mean": {
            "value": 0.000222174025942,
            "min": 0.000222174025942,
            "max": 0.0002987677804107399,
            "count": 63
        },
        "USVAgent.Policy.LearningRate.sum": {
            "value": 0.000222174025942,
            "min": 0.000222174025942,
            "max": 0.0002987677804107399,
            "count": 63
        },
        "USVAgent.Policy.Epsilon.mean": {
            "value": 0.1740579999999999,
            "min": 0.1740579999999999,
            "max": 0.19958925999999996,
            "count": 63
        },
        "USVAgent.Policy.Epsilon.sum": {
            "value": 0.1740579999999999,
            "min": 0.1740579999999999,
            "max": 0.19958925999999996,
            "count": 63
        },
        "USVAgent.Policy.Beta.mean": {
            "value": 0.0037054942000000015,
            "min": 0.0037054942000000015,
            "max": 0.004979504073999999,
            "count": 63
        },
        "USVAgent.Policy.Beta.sum": {
            "value": 0.0037054942000000015,
            "min": 0.0037054942000000015,
            "max": 0.004979504073999999,
            "count": 63
        }
    },
    "metadata": {
        "timer_format_version": "0.1.0",
        "start_time_seconds": "1759833747",
        "python_version": "3.9.23 (main, Jun  5 2025, 13:25:08) [MSC v.1929 64 bit (AMD64)]",
        "command_line_arguments": "C:\\Users\\factw\\anaconda3\\envs\\gazebo\\Scripts\\mlagents-learn .\\config\\boat_rl_test.yaml --run-id=rl-test-004",
        "mlagents_version": "0.30.0",
        "mlagents_envs_version": "0.30.0",
        "communication_protocol_version": "1.5.0",
        "pytorch_version": "2.2.1+cu121",
        "numpy_version": "1.21.2",
        "end_time_seconds": "1759839545"
    },
    "total": 5798.0748656,
    "count": 1,
    "self": 0.002806800000143994,
    "children": {
        "run_training.setup": {
            "total": 0.048837099999999856,
            "count": 1,
            "self": 0.048837099999999856
        },
        "TrainerController.start_learning": {
            "total": 5798.023221699999,
            "count": 1,
            "self": 11.780137600247144,
            "children": {
                "TrainerController._reset_env": {
                    "total": 4.0781084,
                    "count": 1,
                    "self": 4.0781084
                },
                "TrainerController.advance": {
                    "total": 5782.120588599752,
                    "count": 1315745,
                    "self": 5.142119499707405,
                    "children": {
                        "env_step": {
                            "total": 5776.978469100045,
                            "count": 1315745,
                            "self": 3896.275789400028,
                            "children": {
                                "SubprocessEnvManager._take_step": {
                                    "total": 1874.2390345998585,
                                    "count": 1315745,
                                    "self": 33.73220989976812,
                                    "children": {
                                        "TorchPolicy.evaluate": {
                                            "total": 1840.5068247000904,
                                            "count": 1313311,
                                            "self": 1840.5068247000904
                                        }
                                    }
                                },
                                "workers": {
                                    "total": 6.463645100158264,
                                    "count": 1315744,
                                    "self": 0.0,
                                    "children": {
                                        "worker_root": {
                                            "total": 5779.857376200317,
                                            "count": 1315744,
                                            "is_parallel": true,
                                            "self": 2389.9821311002866,
                                            "children": {
                                                "steps_from_proto": {
                                                    "total": 0.0003413999999999362,
                                                    "count": 1,
                                                    "is_parallel": true,
                                                    "self": 0.00014260000000021478,